gene_name,epoch,loss
simulation5,9,0.0515619
simulation5,19,0.046167832
simulation5,29,0.045810014
simulation5,39,0.04401256
simulation5,49,0.04459446
simulation5,59,0.039823774
simulation5,69,0.04024139
simulation5,79,0.04253502
simulation5,89,0.039353672
simulation5,99,0.03816224
simulation5,109,0.039393444
simulation5,119,0.040627234
simulation5,129,0.040629268
