gene_name,epoch,loss
simulation6,9,0.052438986
simulation6,19,0.03947391
simulation6,29,0.038542118
simulation6,39,0.04238394
simulation6,49,0.04024666
simulation6,59,0.04136943
